{"35_7141-139_7614": {"20210106T082024": {"co2": 609.0, "temperature": 15.800000000000008, "humidity": 37.63571428571431}}}
